{
    "volume": 0.7000000000000001,
    "sfx_volume": 0.5000000000000001,
    "controls": {
        "UP": 1073741906,
        "DOWN": 1073741905,
        "LEFT": 1073741904,
        "RIGHT": 1073741903
    },
    "high_score": 9220
}